USR;TWEET;LANG;DATE;CLAS
millioncripto;Parece a diuma falando https://t.co/hqVqEA9SPx;pt;2018-02-09 19:42:00;NEUTRO
marciobolton;Gostei de um v√≠deo @YouTube https://t.co/FqZ7t7jwLq MINERADORA HYPE DE BITCOIN +180 DE GHS FREE NA INSCRI√á√ÉO! OKTIQMINING;pt;2018-02-09 19:42:31;NEUTRO
fernandotad;Gostei de um v√≠deo @YouTube https://t.co/INo4UKsOoI atlas project vale a pena? - Bitcoin;pt;2018-02-09 19:45:47;NEUTRO
TheCryptoDB;(#Raiblocks #Xrb - Nova ...) - https://t.co/BDtgV6Vn0G #cryptocurrency #CryptoNews #Altcoin #Aplica√ß√µes #Bitcoin‚Ä¶ https://t.co/89pHqvl0pn;pt;2018-02-09 19:46:22;NEUTRO
NativeWhore;Al√©m piv√¥s c√≠rculo bitcoin a next-gen pagamentos sociais habilitados para blockchain - https://t.co/i2SujQXk0I bitc‚Ä¶ https://t.co/NCkclptMCJ;pt;2018-02-09 19:47:56;NEUTRO
NativeWhore;"&amp;quot;Usando bitcoin para negocia√ß√£o especulativa ou pessoas comprando e vendendo bitcoin porque acho que √© diverti‚Ä¶ https://t.co/GQUuIYjieD";pt;2018-02-09 19:47:56;NEUTRO
ninariveiro;"RT @brunacorreiade: o cara: aaaaa queria ter uma namoradinha inteligente q entendesse das coisa profunda e complexas q eu  gosto de falar
O‚Ä¶";pt;2018-02-09 19:49:01;NEUTRO
NativeWhore;√â a aplica√ß√£o da lei preparado para uma rede nacional de energia para baixo - na seguran√ßa p√∫blica bitcoin roleta - https://t.co/mh6SjXzm6d;pt;2018-02-09 19:51:10;NEUTRO
NativeWhore;A Cruz Vermelha informa que as pessoas armazenam pena de alimentos e √°gua para terremotos e outros desastres 72 hor‚Ä¶ https://t.co/fOlF6FChg3;pt;2018-02-09 19:51:10;NEUTRO
jornaltijucas;Entusiasmo com bitcoin pode ser injustificado, diz Fed de Nova York -  https://t.co/R9CbXIMKL0;pt;2018-02-09 19:52:50;NEUTRO
marcosbrsp1234;"Ganhe Dinheiro Mineirando Bitcoin Gratuito

Investimento Gratis 

Confira Agora Mesmo Sucesso ,Cadastro Gratis‚Ä¶ https://t.co/bBdTXASU3L";pt;2018-02-09 19:53:00;NEUTRO
carsanchez19991;Mas vc operou bitcoin e achou isso vari√°vel? https://t.co/8xhWGSObRv;pt;2018-02-09 19:53:28;NEUTRO
timbetanovo122;Bitcoin pode perder posto de ‚Äúcriptomoeda preferida‚Äù de criminosos na web https://t.co/NgAfHis8nj;pt;2018-02-09 19:55:06;NEUTRO
TQOficial;'Bitcoin n√£o ser√° regulada t√£o cedo no Brasil', dizem experts https://t.co/qtrMrXPJBZ #tecmundo;pt;2018-02-09 19:57:35;NEUTRO
guilherme11177;Gostei de um v√≠deo @YouTube https://t.co/otArUV9LZo Ser√° a SUCESSORA do BITCOIN? XRB vs BTC!!!;pt;2018-02-09 19:58:14;NEUTRO
NativeWhore;√â lease comprar um bom investimento estrat√©gia HuffPost bitcoin o que √© - https://t.co/2ZsUNJSwX2;pt;2018-02-09 19:58:47;NEUTRO
NativeWhore;Loca√ß√£o compra e aluguel de possuir s√£o essencialmente a mesma coisa bitcoin exemplo. Algu√©m aluga uma casa do prop‚Ä¶ https://t.co/IOTDAPJQA8;pt;2018-02-09 19:58:47;NEUTRO
dolarhoje;D√≥lar Hoje R$ 3,29 / Euro R$ 4,03 / Ouro R$ 137,96 / Bitcoin R$ 29167,11 https://t.co/7V6ayhR7hz;pt;2018-02-09 20:00:05;NEUTRO
quantocusta1btc;1 #bitcoin est√° custando R$28996.89 na FoxBit. Acesse https://t.co/zbMCM8SnCq e negocie com as menores taxas do Brasil.;pt;2018-02-09 20:00:13;NEUTRO
ceBitcoin;A cota√ß√£o atual do Bitcoin √© de R$28.350,00 subindo 0.71% na √∫ltima hora! #cotacao #BTC;pt;2018-02-09 20:00:23;NEUTRO
marina_valerio;#algotrading e Vix-caos: repricing? @giacomozucco @gsemero @AngeloMeda @dalla_bona_fede @carola_valente @joecontini‚Ä¶ https://t.co/gxzreNOUmo;pt;2018-02-09 20:00:55;NEUTRO
mmoedavirtual;Servi√ßo de Delegados dos Estados Unidos Leiloa US$ 30 Milh√µes em Bitcoin - https://t.co/jES2qbEQay https://t.co/HZtcRbk0JV;pt;2018-02-09 20:00:55;NEUTRO
andersonzotto;RT @CurtiAntony: Se eu fosse o Garoppolo gastava o sal√°rio inteiro em bitcoin e comprava os 49ers no final do ano.;pt;2018-02-09 20:01:09;NEUTRO
guilherme11177;Gostei de um v√≠deo @YouTube https://t.co/KDV3aaGRObüî¥ O Guia B√°sico da Bitcoin: o que √©, como funciona, e suas vantagens!;pt;2018-02-09 20:02:46;NEUTRO
99Cripto;A evolu√ß√£o das moedas do Ripple viu uma incr√≠vel valoriza√ß√£o nas √∫ltimas semanas, mas os investidores podem ter per‚Ä¶ https://t.co/Oh2crZUvyO;pt;2018-02-09 20:03:16;NEUTRO
StudioBitcoin;Mans√£o em Miami √© vendida por 455 Bitcoins https://t.co/m1cqCTuSbB #Bitcoin #Noticias;pt;2018-02-09 20:03:23;NEUTRO
carsanchez19991;Aqui do Brasil eu n√£o fiquei com medo n√£o. Torcia para cair. Operar bitcoin d√° mais medo. https://t.co/co3CJVMBVr;pt;2018-02-09 20:04:31;NEUTRO
giacomozucco;RT @marina_valerio: #algotrading e Vix-caos: repricing? @giacomozucco @gsemero @AngeloMeda @dalla_bona_fede @carola_valente @joecontini @Lu‚Ä¶;pt;2018-02-09 20:04:40;NEUTRO
JulioRioRJ;@hbredda e o bitcoin subindo mais de 5%. Ser√° o novo porto seguro dos investidores? #ironic;pt;2018-02-09 20:06:07;NEUTRO
victor_lacerdaa;"RT @MartinhoHoff: Hoje eu vi um jornalista chamar o Bitcoin de ""uma moeda inventada""

em oposi√ß√£o √†s outras moedas, que a natureza nos deu";pt;2018-02-09 20:06:41;NEUTRO
felquis;Estou com quase certeza que a Docker for Mac estava minerando bitcoin aqui agora, pq s√≥ de deixar ligado j√° estava‚Ä¶ https://t.co/08eqyYDQhk;pt;2018-02-09 20:06:46;NEUTRO
iAppleNewsApps;"RT @olhardigital: Nvidia √© a grande vencedora da corrida da Bitcoin:
https://t.co/XBprCHpjcd https://t.co/PquRrAASlE";pt;2018-02-09 20:06:54;NEUTRO
NativeWhore;√â a educa√ß√£o jur√≠dica sob ataque em north carolina fundo HBCUs bitcoin - https://t.co/Ys6JnomMDw;pt;2018-02-09 20:07:03;NEUTRO
NativeWhore;√â leucadia nacional (luk) um grande estoque para os investidores de valor fabricante bitcoin livre - https://t.co/JjhKPEFTAY;pt;2018-02-09 20:08:10;NEUTRO
NativeWhore;Uma maneira de encontrar essas empresas √© olhando para v√°rias m√©tricas e √≠ndices financeiros, muitas das quais s√£o‚Ä¶ https://t.co/L66PUVW4jh;pt;2018-02-09 20:08:10;NEUTRO
DadosDaBolsa;"New post: Criptomoedas majoritariamente em alta; Bitcoin sem for√ßas ap√≥s forte valoriza√ß√£o https://t.co/s6c9FpXZlr";pt;2018-02-09 20:11:20;NEUTRO
ggty;Bitcoin: Brasil, paises europeus e Canad√° podem apoiar o Petro, anuncia ministro venezuelano‚Ä¶ https://t.co/whv3dJrl2y;pt;2018-02-09 20:11:23;NEUTRO
osuissa;"@josecarlosweb N√£o compro Bitcoin a n√£o ser para comprar outras moedas.

Tenho v√°rias cryptos q d√£o mais lucro q o BTC ;)";pt;2018-02-09 20:13:37;NEUTRO
NativeWhore;marlin Kyle barrett em ascens√£o - listras de peixe que √© a minera√ß√£o em bitcoin - https://t.co/oefj5yFbJE;pt;2018-02-09 20:17:25;NEUTRO
clube_dobitcoin;Adicionei um v√≠deo a uma playlist @YouTube https://t.co/hmMr839zWP de Bitcoin + Empreendedorismo Digital em Juiz de Fora;pt;2018-02-09 20:19:51;NEUTRO
clube_dobitcoin;Curso de Bitcoin + Empreendedorismo Digital em Juiz de Fora: https://t.co/ydwS4nP1Sg via @YouTube;pt;2018-02-09 20:19:53;NEUTRO
victorgaete;RT @exame: Entusiasmo com bitcoin pode ser injustificado, diz Fed de NY https://t.co/IDz2ke9MJC;pt;2018-02-09 20:20:29;NEUTRO
NativeWhore;Como escolher um ico na cryptoworld superlotadas - c√≥digo promocional bitcoin livre newsbtc - https://t.co/HhTXYSIiV4;pt;2018-02-09 20:22:40;NEUTRO
NativeWhore;O mundo da cryptocurrencies est√° em transi√ß√£o oficialmente para o mainstream o bitcoin. Depois de anos sendo nas so‚Ä¶ https://t.co/74GDDn0RAT;pt;2018-02-09 20:22:41;NEUTRO
NativeWhore;√â am√°-lo ou list√°-lo falso √© david visentin gay bitcoin net - https://t.co/CjxajnIqYZ;pt;2018-02-09 20:23:14;NEUTRO
flashnewsportal;BITCOIN CASH X BITCOIN ‚Äì QUEM GANHA EST√Å BRIGA? | Rodrigo Miranda https://t.co/CvUy0pbhBQ;pt;2018-02-09 20:25:55;NEUTRO
gbulfon;Les sobraba CPU ! https://t.co/a5OIkqpHwn;pt;2018-02-09 20:25:57;NEUTRO
bitcoin_service;"#Bitcoin üîΩ -0.59% 
Ultima: R$ 28800.00  Alta: R$ 29000.00 Baixa: R$ 26305.54
Fonte: Foxbit";pt;2018-02-09 20:30:01;NEUTRO
quantocusta1btc;1 #bitcoin est√° custando R$28875.95 na FoxBit. Acesse https://t.co/zbMCM8SnCq e negocie com as menores taxas do Brasil.;pt;2018-02-09 20:30:15;NEUTRO
MateusValladao;"Bitcoin √© aquela menina feia que voc√™ n√£o dava valor na 5¬∞ s√©rie.

#Bitcoin";pt;2018-02-09 20:30:32;NEUTRO
LuzineteDaCon13;Bitcoin vai valer US$ 50 mil este ano e criptomoedas chegar√£o a US$ 1 trilh√£o, dizem especialistas https://t.co/ywHSuPPElz;pt;2018-02-09 20:30:43;NEUTRO
Pump_Bitch;RT @99Cripto: A evolu√ß√£o das moedas do Ripple viu uma incr√≠vel valoriza√ß√£o nas √∫ltimas semanas, mas os investidores podem ter percebido a i‚Ä¶;pt;2018-02-09 20:31:36;NEUTRO
JovemNoticias;Nvidia √© a grande vencedora da corrida da Bitcoin https://t.co/7elpmM48N8;pt;2018-02-09 20:33:22;NEUTRO
NativeWhore;√â caixa de correio o melhor aplicativo de e-mail para o iphone ainda um bitcoin - https://t.co/ro4cRmfKD5;pt;2018-02-09 20:33:31;NEUTRO
NativeWhore;A primeira coisa que fiz depois de se tornar propriet√°rio do smartphone no final de 2009 foi verificar meu email co‚Ä¶ https://t.co/0BLuk2cMjP;pt;2018-02-09 20:33:31;NEUTRO
precohoje;O Bitcoin est√° R$28,784.83 - https://t.co/eXOP4Zw8Tg;pt;2018-02-09 20:34:03;NEUTRO
precohoje;O Bitcoin Cash est√° R$4,351.13 - https://t.co/NRz9fHhowJ;pt;2018-02-09 20:34:03;NEUTRO
MarcosFaco;Nvidia √© a grande vencedora da corrida da Bitcoin https://t.co/Oo6ppCAWlD #marketingonline;pt;2018-02-09 20:35:19;NEUTRO
NativeWhore;1Password 7 lan√ßamento com suporte para iphone x, id rosto, arrastar e soltar no ipad, c√≥pia r√°pida, e muito mais -‚Ä¶ https://t.co/4x5WwFN8ii;pt;2018-02-09 20:38:38;NEUTRO
jbstocker_;Vou investir uma pequena quantia em bitcoin, vamos ver no que d√°;pt;2018-02-09 20:39:27;NEUTRO
Cryptofunny27;"pra quem t√° com dificuldade de logar na binance, use esse link -&gt; https://t.co/15MeN8egEm

#bitcoin";pt;2018-02-09 20:40:18;NEUTRO
caepeixer;bitcoin √© o cacete. quero ver fazer uma moeda de tempo, pq puta que pariu, n√£o ta dando.. ia valer mais do que toda‚Ä¶ https://t.co/B7dwNcTFbb;pt;2018-02-09 20:40:43;NEUTRO
BRPress;Ei, voc√™ a√≠, me d√° um bitcoin a√≠! - https://t.co/YSx4zDVWcP;pt;2018-02-09 20:42:13;NEUTRO
NativeWhore;Capitalismo entregues bens materiais em quantidades e variedades nenhum outro sistema econ√¥mico poderia come√ßar a p‚Ä¶ https://t.co/dJG6BxHwt9;pt;2018-02-09 20:42:45;NEUTRO
NativeWhore;√â matem√°tica Gill legal v. Whitford vai determinar se podemos ter coisas agrad√°veis ‚Äã‚Äãacima da calculadora lei bitc‚Ä¶ https://t.co/zPksip3JVf;pt;2018-02-09 20:43:15;NEUTRO
NativeWhore;Mas, ap√≥s o apelo de Kennedy em Vieth, os eggheads se juntaram e surgiu com uma maneira de olhar para saber se a fa‚Ä¶ https://t.co/utI7dQDgf0;pt;2018-02-09 20:43:16;NEUTRO
BrasilBitcoin;"Reddit: ""Cientistas Russos s√£o Presos Minerando Bitcoin em Laborat√≥rio Nuclear"" https://t.co/qlaj8YdkSa #brasilbitcoin";pt;2018-02-09 20:44:05;NEUTRO
CardealLucas;Aquecendo os motores!!! https://t.co/A5OIsgfMs9;pt;2018-02-09 20:44:33;NEUTRO
TrickIndie;"RT @brunacorreiade: o cara: aaaaa queria ter uma namoradinha inteligente q entendesse das coisa profunda e complexas q eu  gosto de falar
O‚Ä¶";pt;2018-02-09 20:44:48;NEUTRO
webradioodia;"Pa√≠ses cobram G20 por discuss√£o sobre bitcoin 
Leia mais: https://t.co/h5xo2AgBiE
‚Ä¢ Voc√™ por dentro de tudo que aco‚Ä¶ https://t.co/P5mglFvOEL";pt;2018-02-09 20:45:15;NEUTRO
TancredoCH;Bitcoin √© bolha e vai morrer? Entra vendido e fature uma grana ent√£o! Ah, vai fazer isso n√£o n√©? Parece que n√£o √© t√£o bolha assim...;pt;2018-02-09 20:46:02;NEUTRO
m0rdente;"Ontem no centro tinha um cara falando que bitcoin era a marca da besta e eu disse ""APOIADO"" n√£o tem como eu ficar mais rid√≠cula";pt;2018-02-09 20:46:13;NEUTRO
BrasilBitcoin;#brasilbitcoin #reddit Cientistas Russos s√£o Presos Minerando Bitcoin em Laborat√≥rio Nuclear via /r/BrasilBitcoin https://t.co/DE0l2FGGgi;pt;2018-02-09 20:48:12;NEUTRO
BRPress;Ei, voc√™ a√≠, me d√° um bitcoin a√≠! - https://t.co/t6716Ws1Um;pt;2018-02-09 20:48:20;NEUTRO
SantaCriptoBat;Cientistas Russos s√£o Presos Minerando Bitcoin em Laborat√≥rio Nuclear https://t.co/LDfzo4xZO2 https://t.co/spi8ygNCYg;pt;2018-02-09 20:48:35;NEUTRO
m0rdente;Eu queria ser apreciada com 1 bitcoin ser√° que fui arrebatada;pt;2018-02-09 20:49:07;NEUTRO
m0rdente;Eu queria ser agraciada com 1 bitcoin ser√° se fui arrebatada;pt;2018-02-09 20:50:06;NEUTRO
caucaiaagora;"Pa√≠ses cobram G20 por discuss√£o sobre bitcoin
Leia mais: https://t.co/n5k2popd3B
‚Ä¢ Voc√™ por dentro de tudo que acon‚Ä¶ https://t.co/BZoaQuz1fu";pt;2018-02-09 20:50:07;NEUTRO
maracanauagora;"Pa√≠ses cobram G20 por discuss√£o sobre bitcoin 
Leia mais: https://t.co/TdHRIhGKZj
‚Ä¢ Voc√™ por dentro de tudo que aco‚Ä¶ https://t.co/vswvXvEaZG";pt;2018-02-09 20:50:10;NEUTRO
mdalessandrorj;Pintou um Xeroque Rolmes no  mercado financeiro. https://t.co/CJ4MPYh3oC;pt;2018-02-09 20:51:23;NEUTRO
BRPress;Ei, voc√™ a√≠, me d√° um bitcoin a√≠! - https://t.co/nmihkh8XK3;pt;2018-02-09 20:52:38;NEUTRO
marcosbrsp1234;"Ganhe Dinheiro Mineirando Bitcoin Gratuito

Investimento Gratis 

Confira Agora Mesmo Sucesso ,Cadastro Gratis‚Ä¶ https://t.co/WIgOY8g3hf";pt;2018-02-09 20:53:00;NEUTRO
NativeWhore;√â melania trump viver de acordo com seu papel como primeira-dama - o posto bitcoin ferramenta gerador de corte wash‚Ä¶ https://t.co/wOu3USzEzp;pt;2018-02-09 20:55:19;NEUTRO
NativeWhore;Em terceiro lugar, e talvez mais importante, primeiras-damas t√™m realizado uma fun√ß√£o delicada como diplomatas p√∫bl‚Ä¶ https://t.co/BhGCv9oqFt;pt;2018-02-09 20:55:19;NEUTRO
CyberDomain;O Google √© o mecanismo de busca mais popular j√° criado, e seus rec https://t.co/Y5DVJigfdp #Cybersecurity #Bitcoin https://t.co/byzfIlK6Si;pt;2018-02-09 20:56:11;NEUTRO
CyberToolsBooks;O Google √© o mecanismo de busca mais popular j√° criado, e seus rec https://t.co/WO03mZO5Fm #Cybersecurity #Bitcoin https://t.co/iDfZCnvReu;pt;2018-02-09 20:56:13;NEUTRO
ggty;"Bitcoin: Cientistas Russos s√£o Presos Minerando Bitcoin em Laborat√≥rio Nuclear
https://t.co/KFMT2iMW8r

Publicado p‚Ä¶ https://t.co/IB0Nsklgm8";pt;2018-02-09 20:56:30;NEUTRO
soulligght333;RT @CyberToolsBooks: O Google √© o mecanismo de busca mais popular j√° criado, e seus rec https://t.co/WO03mZO5Fm #Cybersecurity #Bitcoin htt‚Ä¶;pt;2018-02-09 20:56:52;NEUTRO
vicoence;"""Ventania em Livramento derruba o pre√ßo do Bitcoin para 5k d√≥lares"" tudo o que eu queria ler hoje kkkkkk";pt;2018-02-09 20:57:40;NEUTRO
NativeWhore;S√£o os homens e t√™nis feminino realmente t√£o diferentes maravilhoso mundo de t√©nis de t√©nis bitcoin previs√£o dificu‚Ä¶ https://t.co/NlaCMehsYY;pt;2018-02-09 20:58:29;NEUTRO
NativeWhore;A temporada de futebol 2014 da faculdade √© quase aqui, e uma vez que o primeiro pontap√© inicial √© feito o rel√≥gio c‚Ä¶ https://t.co/mKBFipsxqE;pt;2018-02-09 20:58:31;NEUTRO
quantocusta1btc;1 #bitcoin est√° custando R$28641.99 na FoxBit. Acesse https://t.co/zbMCM8SnCq e negocie com as menores taxas do Brasil.;pt;2018-02-09 21:00:01;NEUTRO
ceBitcoin;A cota√ß√£o atual do Bitcoin √© de R$28.460,00 caindo -0.21% na √∫ltima hora! #cotacao #BTC;pt;2018-02-09 21:00:18;NEUTRO
salvadorkrav;@Bitcoin @rogerkver Judas * https://t.co/FymKqoMlKy;pt;2018-02-09 21:00:36;NEUTRO
claytonyogui;Bitcoins. Futuro ou otimismo desmedido? #bitcoin https://t.co/3r2Jgkq4gM;pt;2018-02-09 21:00:50;NEUTRO
ggty;"Bitcoin: O grupo Coingaming lan√ßou sistema beta com Lightning Network em sua rede de jogos
https://t.co/ReHq0QXPcC‚Ä¶ https://t.co/2QInq1uffq";pt;2018-02-09 21:01:23;NEUTRO
KocakNesia;"ProjectGlorio #airdrop 2
https://t.co/vHvWHaXseL";pt;2018-02-09 21:01:53;NEUTRO
osportdavid;RT @salvadorkrav: @Bitcoin @rogerkver Judas * https://t.co/FymKqoMlKy;pt;2018-02-09 21:04:39;NEUTRO
Economi_Digital;Entusiasmo com bitcoin pode ser injustificado, diz Fed de NY - https://t.co/UeLrZY2QI3 https://t.co/VDuY2UBDgU https://t.co/06oai9jy8x;pt;2018-02-09 21:05:09;NEUTRO
1LudwigVonMises;Bitcoin deixa de ser a moeda favorita da deep web - Olhar Digital https://t.co/kKJQQL3oq8 https://t.co/XOE7dabyka;pt;2018-02-09 21:05:12;NEUTRO
NativeWhore;Os artigos mais falso not√≠cias dos guerreiros mudan√ßas clim√°ticas bitcoin pre√ßo da m√°quina - https://t.co/17uFqCqHvD;pt;2018-02-09 21:06:10;NEUTRO
